{
  "version": "1.0.1",
  "platformVersion": "17.7.0",
  "authentication": {
    "type": "custom",
    "fields": [
      {
        "computed": false,
        "key": "api_key",
        "required": true,
        "label": "API Key",
        "type": "string",
        "helpText": "Get your API key from your MixPitch account at https://mixpitch.com/zapier/setup"
      }
    ],
    "test": "$func$2$f$",
    "connectionLabel": "{{name}} ({{email}})"
  },
  "beforeRequest": [
    "$func$3$f$"
  ],
  "triggers": {
    "newClient": {
      "key": "newClient",
      "noun": "Client",
      "display": {
        "label": "New Client Added",
        "description": "Triggers when a new client is added to your MixPitch account."
      },
      "operation": {
        "perform": "$func$2$f$",
        "sample": {
          "id": 1,
          "name": "John Doe",
          "email": "john@example.com",
          "company": "Acme Corp",
          "status": "active",
          "created_at": "2024-01-15T10:30:00Z",
          "total_projects": 2,
          "tags": [
            "vip",
            "referral"
          ]
        }
      }
    }
  },
  "creates": {
    "createClient": {
      "key": "createClient",
      "noun": "Client",
      "display": {
        "label": "Create Client",
        "description": "Creates a new client in your MixPitch account."
      },
      "operation": {
        "inputFields": [
          {
            "key": "email",
            "label": "Email",
            "type": "string",
            "required": true,
            "helpText": "The client's email address"
          },
          {
            "key": "name",
            "label": "Name",
            "type": "string",
            "required": false,
            "helpText": "The client's full name"
          },
          {
            "key": "company",
            "label": "Company",
            "type": "string",
            "required": false,
            "helpText": "The client's company name"
          },
          {
            "key": "phone",
            "label": "Phone",
            "type": "string",
            "required": false,
            "helpText": "The client's phone number"
          },
          {
            "key": "notes",
            "label": "Notes",
            "type": "text",
            "required": false,
            "helpText": "Any notes about the client"
          },
          {
            "key": "tags",
            "label": "Tags",
            "type": "string",
            "list": true,
            "required": false,
            "helpText": "Tags to organize the client (one per line)"
          }
        ],
        "perform": "$func$2$f$",
        "sample": {
          "id": 2,
          "name": "Jane Smith",
          "email": "jane@example.com",
          "company": "Design Co",
          "status": "active",
          "created_at": "2024-01-15T16:00:00Z",
          "was_created": true
        }
      }
    }
  },
  "searchOrCreates": {},
  "searches": {}
}