{
  "version": "1.2.0",
  "platformVersion": "17.7.0",
  "authentication": {
    "type": "custom",
    "fields": [
      {
        "computed": false,
        "key": "api_key",
        "required": true,
        "label": "API Key",
        "type": "string",
        "helpText": "Get your API key from your MixPitch account at https://mixpitch.com/zapier/setup"
      }
    ],
    "test": "$func$2$f$",
    "connectionLabel": "{{name}} ({{email}})"
  },
  "beforeRequest": [
    "$func$3$f$"
  ],
  "triggers": {
    "newClient": {
      "key": "newClient",
      "noun": "Client",
      "display": {
        "label": "New Client Added",
        "description": "Triggers when a new client is added to your MixPitch account."
      },
      "operation": {
        "perform": "$func$2$f$",
        "sample": {
          "id": 1,
          "name": "John Doe",
          "email": "john@example.com",
          "company": "Acme Corp",
          "status": "active",
          "created_at": "2024-01-15T10:30:00Z",
          "total_projects": 2,
          "tags": [
            "vip",
            "referral"
          ]
        }
      }
    },
    "clientUpdated": {
      "key": "clientUpdated",
      "noun": "Client",
      "display": {
        "label": "Client Updated",
        "description": "Triggers when an existing client is updated (name, status, tags, etc)."
      },
      "operation": {
        "perform": "$func$2$f$",
        "sample": {
          "id": 1,
          "name": "John Doe",
          "email": "john@example.com",
          "company": "Acme Corp",
          "status": "active",
          "tags": [
            "vip",
            "referral"
          ],
          "total_spent": 5000,
          "total_projects": 3,
          "last_contacted_at": "2024-01-15T10:30:00Z",
          "created_at": "2023-01-15T10:30:00Z",
          "updated_at": "2024-01-15T10:30:00Z",
          "changes_detected": [
            "contacted"
          ],
          "latest_project": {
            "id": 123,
            "name": "Album Mix",
            "status": "in_progress",
            "created_at": "2024-01-10T09:00:00Z"
          }
        }
      }
    },
    "reminderDue": {
      "key": "reminderDue",
      "noun": "Reminder",
      "display": {
        "label": "Client Reminder Due",
        "description": "Triggers when a client reminder becomes due or overdue."
      },
      "operation": {
        "perform": "$func$2$f$",
        "sample": {
          "id": 42,
          "due_at": "2024-01-15T14:00:00Z",
          "note": "Follow up on project proposal",
          "status": "pending",
          "is_overdue": true,
          "hours_overdue": 2,
          "due_in_words": "2 hours ago",
          "created_at": "2024-01-10T10:00:00Z",
          "client": {
            "id": 1,
            "email": "john@example.com",
            "name": "John Doe",
            "company": "Acme Corp",
            "phone": "+1-555-0123",
            "status": "active",
            "tags": [
              "vip"
            ],
            "total_spent": 5000,
            "total_projects": 3,
            "last_contacted_at": "2024-01-10T10:30:00Z"
          },
          "latest_project": {
            "id": 123,
            "name": "Album Mix",
            "status": "in_progress",
            "created_at": "2024-01-10T09:00:00Z"
          }
        }
      }
    },
    "clientList": {
      "key": "clientList",
      "noun": "Client",
      "display": {
        "label": "Client List",
        "description": "A list of clients for dropdown selection.",
        "hidden": true
      },
      "operation": {
        "perform": "$func$2$f$"
      }
    },
    "clientProjectCreated": {
      "key": "clientProjectCreated",
      "noun": "Project",
      "display": {
        "label": "New Client Project Created",
        "description": "Triggers when a new project is created for a client."
      },
      "operation": {
        "perform": "$func$2$f$",
        "sample": {
          "id": 123,
          "name": "Album Mix & Master",
          "title": "Professional Album Mixing",
          "description": "Full album mixing and mastering for rock album",
          "status": "pending",
          "workflow_type": "client_management",
          "project_type": "mixing",
          "budget": 2500,
          "payment_amount": 2500,
          "deadline": "2024-02-15",
          "is_prioritized": false,
          "is_private": false,
          "created_at": "2024-01-15T14:30:00Z",
          "updated_at": "2024-01-15T14:30:00Z",
          "client": {
            "id": 42,
            "email": "artist@example.com",
            "name": "Sarah Johnson",
            "company": "Indie Records",
            "phone": "+1-555-0123",
            "status": "active",
            "tags": [
              "indie",
              "rock"
            ],
            "total_spent": 5000,
            "total_projects": 3
          },
          "pitch": {
            "id": 456,
            "status": "pending",
            "payment_status": "unpaid",
            "created_at": "2024-01-15T14:30:00Z"
          },
          "producer_dashboard_url": "https://mixpitch.com/projects/123",
          "client_portal_url": "https://mixpitch.com/client/portal/abc123",
          "has_client_access": true,
          "requires_license": false,
          "total_files": 0
        }
      }
    },
    "projectStatusChanged": {
      "key": "projectStatusChanged",
      "noun": "Project Status",
      "display": {
        "label": "Client Project Status Changed",
        "description": "Triggers when a client project or pitch status changes."
      },
      "operation": {
        "perform": "$func$2$f$",
        "sample": {
          "id": "pitch_456",
          "type": "pitch_status_change",
          "project_id": 123,
          "project_name": "Album Mix & Master",
          "pitch_id": 456,
          "pitch_status": "ready_for_review",
          "previous_pitch_status": "in_progress",
          "payment_status": "unpaid",
          "updated_at": "2024-01-20T16:45:00Z",
          "project": {
            "id": 123,
            "name": "Album Mix & Master",
            "title": "Professional Album Mixing",
            "status": "in_progress",
            "workflow_type": "client_management",
            "budget": 2500,
            "payment_amount": 2500,
            "deadline": "2024-02-15",
            "created_at": "2024-01-15T14:30:00Z"
          },
          "client": {
            "id": 42,
            "email": "artist@example.com",
            "name": "Sarah Johnson",
            "company": "Indie Records",
            "status": "active",
            "tags": [
              "indie",
              "rock"
            ]
          },
          "pitch": {
            "id": 456,
            "status": "ready_for_review",
            "payment_status": "unpaid",
            "payment_amount": 2500,
            "created_at": "2024-01-15T14:30:00Z",
            "updated_at": "2024-01-20T16:45:00Z"
          },
          "is_completion": false,
          "is_client_approval": false,
          "is_ready_for_review": true,
          "requires_client_action": true,
          "producer_dashboard_url": "https://mixpitch.com/projects/123",
          "client_portal_url": "https://mixpitch.com/client/portal/abc123"
        }
      }
    }
  },
  "creates": {
    "createClient": {
      "key": "createClient",
      "noun": "Client",
      "display": {
        "label": "Create Client",
        "description": "Creates a new client in your MixPitch account."
      },
      "operation": {
        "inputFields": [
          {
            "key": "email",
            "label": "Email",
            "type": "string",
            "required": true,
            "helpText": "The client's email address"
          },
          {
            "key": "name",
            "label": "Name",
            "type": "string",
            "required": false,
            "helpText": "The client's full name"
          },
          {
            "key": "company",
            "label": "Company",
            "type": "string",
            "required": false,
            "helpText": "The client's company name"
          },
          {
            "key": "phone",
            "label": "Phone",
            "type": "string",
            "required": false,
            "helpText": "The client's phone number"
          },
          {
            "key": "notes",
            "label": "Notes",
            "type": "text",
            "required": false,
            "helpText": "Any notes about the client"
          },
          {
            "key": "tags",
            "label": "Tags",
            "type": "string",
            "list": true,
            "required": false,
            "helpText": "Tags to organize the client (one per line)"
          }
        ],
        "perform": "$func$2$f$",
        "sample": {
          "id": 2,
          "name": "Jane Smith",
          "email": "jane@example.com",
          "company": "Design Co",
          "status": "active",
          "created_at": "2024-01-15T16:00:00Z",
          "was_created": true
        }
      }
    },
    "updateClient": {
      "key": "updateClient",
      "noun": "Client",
      "display": {
        "label": "Update Client",
        "description": "Updates an existing client in your MixPitch account."
      },
      "operation": {
        "inputFields": [
          {
            "key": "id",
            "label": "Client ID",
            "type": "integer",
            "required": false,
            "helpText": "The ID of the client to update. Either ID or email is required.",
            "dynamic": "clientList.id.name"
          },
          {
            "key": "email",
            "label": "Client Email",
            "type": "string",
            "required": false,
            "helpText": "Find client by email if ID is not provided."
          },
          {
            "key": "name",
            "label": "Name",
            "type": "string",
            "required": false,
            "helpText": "The client's full name"
          },
          {
            "key": "company",
            "label": "Company",
            "type": "string",
            "required": false,
            "helpText": "The client's company name"
          },
          {
            "key": "phone",
            "label": "Phone",
            "type": "string",
            "required": false,
            "helpText": "The client's phone number"
          },
          {
            "key": "status",
            "label": "Status",
            "type": "string",
            "required": false,
            "choices": {
              "active": "Active",
              "inactive": "Inactive",
              "blocked": "Blocked"
            },
            "helpText": "Client status"
          },
          {
            "key": "notes",
            "label": "Notes",
            "type": "text",
            "required": false,
            "helpText": "Any notes about the client"
          },
          {
            "key": "tags",
            "label": "Tags",
            "type": "string",
            "list": true,
            "required": false,
            "helpText": "Tags to organize the client (one per line)"
          },
          {
            "key": "append_tags",
            "label": "Append Tags",
            "type": "boolean",
            "required": false,
            "helpText": "If true, append tags to existing ones instead of replacing"
          },
          {
            "key": "mark_as_contacted",
            "label": "Mark as Contacted",
            "type": "boolean",
            "required": false,
            "helpText": "Update the last contacted timestamp to now"
          }
        ],
        "perform": "$func$2$f$",
        "sample": {
          "id": 2,
          "name": "Jane Smith",
          "email": "jane@example.com",
          "company": "Design Co",
          "status": "active",
          "tags": [
            "vip",
            "referral"
          ],
          "total_spent": 10000,
          "total_projects": 5,
          "last_contacted_at": "2024-01-15T16:00:00Z",
          "created_at": "2023-06-15T09:00:00Z",
          "updated_at": "2024-01-15T16:00:00Z",
          "fields_updated": [
            "name",
            "tags"
          ],
          "was_contacted": true
        }
      }
    },
    "addReminder": {
      "key": "addReminder",
      "noun": "Reminder",
      "display": {
        "label": "Add Client Reminder",
        "description": "Creates a new reminder for a client in your MixPitch account."
      },
      "operation": {
        "inputFields": [
          {
            "key": "client_id",
            "label": "Client",
            "type": "integer",
            "required": false,
            "helpText": "Select the client for this reminder",
            "dynamic": "clientList.id.name"
          },
          {
            "key": "client_email",
            "label": "Client Email",
            "type": "string",
            "required": false,
            "helpText": "Alternative: Find client by email if not selected above"
          },
          {
            "key": "note",
            "label": "Reminder Note",
            "type": "text",
            "required": true,
            "helpText": "What do you need to remember about this client?"
          },
          {
            "key": "due_at",
            "label": "Due Date/Time",
            "type": "datetime",
            "required": false,
            "helpText": "When is this reminder due? (ISO 8601 format)"
          },
          {
            "key": "due_in_hours",
            "label": "Due in Hours",
            "type": "integer",
            "required": false,
            "helpText": "Alternative: Set reminder due in X hours from now"
          },
          {
            "key": "due_in_days",
            "label": "Due in Days",
            "type": "integer",
            "required": false,
            "helpText": "Alternative: Set reminder due in X days from now"
          },
          {
            "key": "create_client_if_missing",
            "label": "Create Client if Missing",
            "type": "boolean",
            "required": false,
            "default": "false",
            "helpText": "If client email doesn't exist, create a new client"
          },
          {
            "key": "client_name",
            "label": "New Client Name",
            "type": "string",
            "required": false,
            "helpText": "Name for new client (if creating)"
          },
          {
            "key": "client_company",
            "label": "New Client Company",
            "type": "string",
            "required": false,
            "helpText": "Company for new client (if creating)"
          }
        ],
        "perform": "$func$2$f$",
        "sample": {
          "id": 123,
          "due_at": "2024-01-16T14:00:00Z",
          "note": "Follow up on project proposal",
          "status": "pending",
          "created_at": "2024-01-15T10:00:00Z",
          "due_in_hours": 28,
          "due_in_days": 1,
          "due_in_words": "in 1 day",
          "client": {
            "id": 1,
            "email": "john@example.com",
            "name": "John Doe",
            "company": "Acme Corp",
            "status": "active",
            "was_created": false
          },
          "was_created": true
        }
      }
    },
    "createProject": {
      "key": "createProject",
      "noun": "Project",
      "display": {
        "label": "Create Client Project",
        "description": "Creates a new project for a client in your MixPitch account."
      },
      "operation": {
        "inputFields": [
          {
            "key": "name",
            "label": "Project Name",
            "type": "string",
            "required": true,
            "helpText": "The name/title of the project"
          },
          {
            "key": "client_id",
            "label": "Client",
            "type": "integer",
            "required": false,
            "helpText": "Select the client for this project",
            "dynamic": "clientList.id.name"
          },
          {
            "key": "client_email",
            "label": "Client Email",
            "type": "string",
            "required": false,
            "helpText": "Alternative: Find client by email if not selected above"
          },
          {
            "key": "description",
            "label": "Description",
            "type": "text",
            "required": false,
            "helpText": "Project description and requirements"
          },
          {
            "key": "project_type",
            "label": "Project Type",
            "type": "string",
            "required": false,
            "choices": {
              "mixing": "Mixing",
              "mastering": "Mastering",
              "mixing_mastering": "Mixing & Mastering",
              "production": "Production",
              "songwriting": "Songwriting",
              "other": "Other"
            },
            "helpText": "Type of audio service needed"
          },
          {
            "key": "budget",
            "label": "Budget",
            "type": "integer",
            "required": false,
            "helpText": "Project budget in dollars (whole number)"
          },
          {
            "key": "payment_amount",
            "label": "Payment Amount",
            "type": "number",
            "required": false,
            "helpText": "Exact payment amount (can include cents)"
          },
          {
            "key": "deadline",
            "label": "Deadline",
            "type": "datetime",
            "required": false,
            "helpText": "Project deadline date"
          },
          {
            "key": "notes",
            "label": "Notes",
            "type": "text",
            "required": false,
            "helpText": "Internal notes about the project"
          },
          {
            "key": "is_prioritized",
            "label": "High Priority",
            "type": "boolean",
            "required": false,
            "default": "false",
            "helpText": "Mark this project as high priority"
          },
          {
            "key": "is_private",
            "label": "Private Project",
            "type": "boolean",
            "required": false,
            "default": "false",
            "helpText": "Make this project private (not publicly visible)"
          },
          {
            "key": "auto_allow_access",
            "label": "Auto-Allow Client Access",
            "type": "boolean",
            "required": false,
            "default": "true",
            "helpText": "Automatically give client access to view progress"
          },
          {
            "key": "create_client_if_missing",
            "label": "Create Client if Missing",
            "type": "boolean",
            "required": false,
            "default": "false",
            "helpText": "Create a new client if email doesn't exist"
          },
          {
            "key": "client_name",
            "label": "New Client Name",
            "type": "string",
            "required": false,
            "helpText": "Name for new client (if creating)"
          },
          {
            "key": "client_company",
            "label": "New Client Company",
            "type": "string",
            "required": false,
            "helpText": "Company for new client (if creating)"
          }
        ],
        "perform": "$func$2$f$",
        "sample": {
          "id": 789,
          "name": "EP Mixing Project",
          "title": "EP Mixing Project",
          "description": "Mix 5-track indie rock EP",
          "status": "pending",
          "workflow_type": "client_management",
          "project_type": "mixing",
          "budget": 1500,
          "payment_amount": 1500,
          "deadline": "2024-03-01",
          "is_prioritized": false,
          "is_private": false,
          "created_at": "2024-01-22T10:00:00Z",
          "updated_at": "2024-01-22T10:00:00Z",
          "client": {
            "id": 55,
            "email": "band@example.com",
            "name": "The Rockers",
            "company": "Rock Music LLC",
            "status": "active",
            "was_created": false,
            "total_projects": 1
          },
          "pitch": {
            "id": 678,
            "status": "pending",
            "payment_status": "unpaid",
            "created_at": "2024-01-22T10:00:00Z"
          },
          "producer_dashboard_url": "https://mixpitch.com/projects/789",
          "client_portal_url": "https://mixpitch.com/client/portal/def456",
          "was_created": true,
          "client_was_created": false,
          "pitch_created": true
        }
      }
    }
  },
  "searches": {
    "findClient": {
      "key": "findClient",
      "noun": "Client",
      "display": {
        "label": "Find Client",
        "description": "Search for clients by email, name, company, or other criteria."
      },
      "operation": {
        "inputFields": [
          {
            "key": "query",
            "label": "Search Query",
            "type": "string",
            "required": false,
            "helpText": "General search across email, name, company, and notes"
          },
          {
            "key": "email",
            "label": "Email",
            "type": "string",
            "required": false,
            "helpText": "Search for exact email match"
          },
          {
            "key": "name",
            "label": "Name",
            "type": "string",
            "required": false,
            "helpText": "Search by client name (partial match)"
          },
          {
            "key": "company",
            "label": "Company",
            "type": "string",
            "required": false,
            "helpText": "Search by company name (partial match)"
          },
          {
            "key": "status",
            "label": "Status",
            "type": "string",
            "required": false,
            "choices": {
              "active": "Active",
              "inactive": "Inactive",
              "blocked": "Blocked"
            },
            "helpText": "Filter by client status"
          },
          {
            "key": "tags",
            "label": "Tags",
            "type": "string",
            "list": true,
            "required": false,
            "helpText": "Filter by tags (must have all specified tags)"
          },
          {
            "key": "limit",
            "label": "Limit",
            "type": "integer",
            "required": false,
            "default": "10",
            "helpText": "Maximum number of results to return (1-50)"
          }
        ],
        "perform": "$func$2$f$",
        "sample": {
          "id": 1,
          "email": "john@example.com",
          "name": "John Doe",
          "company": "Acme Corp",
          "phone": "+1-555-0123",
          "status": "active",
          "tags": [
            "vip",
            "referral"
          ],
          "timezone": "America/New_York",
          "notes": "Prefers phone calls in the morning",
          "total_spent": 5000,
          "total_projects": 3,
          "last_contacted_at": "2024-01-10T10:30:00Z",
          "created_at": "2023-01-15T09:00:00Z",
          "updated_at": "2024-01-10T10:30:00Z",
          "days_since_contact": 5,
          "active_reminders_count": 2,
          "latest_project": {
            "id": 123,
            "name": "Album Mix",
            "status": "in_progress",
            "created_at": "2024-01-05T14:00:00Z"
          },
          "search_score": 8.5
        }
      }
    },
    "findProjects": {
      "key": "findProjects",
      "noun": "Project",
      "display": {
        "label": "Find Client Projects",
        "description": "Search for client projects by various criteria."
      },
      "operation": {
        "inputFields": [
          {
            "key": "client_id",
            "label": "Client",
            "type": "integer",
            "required": false,
            "helpText": "Find projects for specific client",
            "dynamic": "clientList.id.name"
          },
          {
            "key": "client_email",
            "label": "Client Email",
            "type": "string",
            "required": false,
            "helpText": "Find projects by client email"
          },
          {
            "key": "project_name",
            "label": "Project Name",
            "type": "string",
            "required": false,
            "helpText": "Search by project name (partial match)"
          },
          {
            "key": "status",
            "label": "Project Status",
            "type": "string",
            "required": false,
            "choices": {
              "pending": "Pending",
              "in_progress": "In Progress",
              "ready_for_review": "Ready for Review",
              "approved": "Approved",
              "completed": "Completed",
              "denied": "Denied"
            },
            "helpText": "Filter by project status"
          },
          {
            "key": "pitch_status",
            "label": "Pitch Status",
            "type": "string",
            "required": false,
            "choices": {
              "pending": "Pending",
              "in_progress": "In Progress",
              "ready_for_review": "Ready for Review",
              "approved": "Approved",
              "completed": "Completed",
              "client_revisions_requested": "Client Revisions Requested"
            },
            "helpText": "Filter by pitch status"
          },
          {
            "key": "payment_status",
            "label": "Payment Status",
            "type": "string",
            "required": false,
            "choices": {
              "unpaid": "Unpaid",
              "paid": "Paid",
              "pending": "Pending",
              "refunded": "Refunded"
            },
            "helpText": "Filter by payment status"
          },
          {
            "key": "is_prioritized",
            "label": "High Priority Only",
            "type": "boolean",
            "required": false,
            "helpText": "Show only high priority projects"
          },
          {
            "key": "created_after",
            "label": "Created After",
            "type": "datetime",
            "required": false,
            "helpText": "Show projects created after this date"
          },
          {
            "key": "created_before",
            "label": "Created Before",
            "type": "datetime",
            "required": false,
            "helpText": "Show projects created before this date"
          },
          {
            "key": "limit",
            "label": "Limit",
            "type": "integer",
            "required": false,
            "default": "10",
            "helpText": "Maximum number of results to return (1-50)"
          }
        ],
        "perform": "$func$2$f$",
        "sample": {
          "id": 123,
          "name": "Album Mix & Master",
          "title": "Professional Album Mixing",
          "description": "Full album mixing and mastering for rock album",
          "status": "in_progress",
          "workflow_type": "client_management",
          "project_type": "mixing",
          "budget": 2500,
          "payment_amount": 2500,
          "deadline": "2024-02-15",
          "is_prioritized": true,
          "is_private": false,
          "created_at": "2024-01-15T14:30:00Z",
          "updated_at": "2024-01-20T16:45:00Z",
          "client": {
            "id": 42,
            "email": "artist@example.com",
            "name": "Sarah Johnson",
            "company": "Indie Records",
            "phone": "+1-555-0123",
            "status": "active",
            "tags": [
              "indie",
              "rock"
            ],
            "total_spent": 7500,
            "total_projects": 3,
            "last_contacted_at": "2024-01-18T09:30:00Z"
          },
          "pitch": {
            "id": 456,
            "status": "in_progress",
            "payment_status": "unpaid",
            "payment_amount": 2500,
            "created_at": "2024-01-15T14:30:00Z",
            "updated_at": "2024-01-20T16:45:00Z"
          },
          "days_since_created": 5,
          "days_until_deadline": 25,
          "total_files": 8,
          "total_pitch_files": 3,
          "producer_dashboard_url": "https://mixpitch.com/projects/123",
          "client_portal_url": "https://mixpitch.com/client/portal/abc123",
          "is_overdue": false,
          "requires_attention": false,
          "next_action": "Continue work and submit for review"
        }
      }
    }
  },
  "searchOrCreates": {
    "findClient": {
      "key": "findClient",
      "display": {
        "label": "Find or Create Client",
        "description": "Search for a client, with option to create if not found."
      },
      "search": "findClient",
      "create": "createClient"
    },
    "findProjects": {
      "key": "findProjects",
      "display": {
        "label": "Find or Create Project",
        "description": "Search for a client project, with option to create if not found."
      },
      "search": "findProjects",
      "create": "createProject"
    }
  }
}