{
    "Version": "2012-10-17",
    "Statement": [
        {
            "Effect": "Allow",
            "Action": [
                "cloudformation:List*",
                "cloudformation:Get*",
                "cloudformation:PreviewStackUpdate",
                "cloudformation:ValidateTemplate",
                "cloudformation:CreateStack",
                "cloudformation:CreateUploadBucket",
                "cloudformation:DeleteStack",
                "cloudformation:Describe*",
                "cloudformation:UpdateStack"
            ],
            "Resource": [
                "arn:aws:cloudformation:*:881533634640:stack/mixpitch-audio-processing-*/*",
                "arn:aws:cloudformation:*:881533634640:stack/mixpitch-audio-processing-*"
            ]
        },
        {
            "Effect": "Allow",
            "Action": [
                "lambda:Get*",
                "lambda:List*",
                "lambda:CreateFunction",
                "lambda:DeleteFunction",
                "lambda:UpdateFunctionConfiguration",
                "lambda:UpdateFunctionCode",
                "lambda:PublishVersion",
                "lambda:CreateAlias",
                "lambda:DeleteAlias",
                "lambda:UpdateAlias",
                "lambda:AddPermission",
                "lambda:RemovePermission",
                "lambda:InvokeFunction"
            ],
            "Resource": [
                "arn:aws:lambda:*:881533634640:function:mixpitch-audio-processing-*"
            ]
        },
        {
            "Effect": "Allow",
            "Action": [
                "apigateway:GET",
                "apigateway:POST",
                "apigateway:PUT",
                "apigateway:DELETE",
                "apigateway:PATCH"
            ],
            "Resource": [
                "arn:aws:apigateway:*::/restapis*",
                "arn:aws:apigateway:*::/apikeys*",
                "arn:aws:apigateway:*::/usageplans*"
            ]
        },
        {
            "Effect": "Allow",
            "Action": [
                "iam:PassRole",
                "iam:GetRole",
                "iam:CreateRole",
                "iam:DeleteRole",
                "iam:AttachRolePolicy",
                "iam:DetachRolePolicy",
                "iam:PutRolePolicy",
                "iam:DeleteRolePolicy"
            ],
            "Resource": [
                "arn:aws:iam::881533634640:role/mixpitch-audio-processing-*"
            ]
        },
        {
            "Effect": "Allow",
            "Action": [
                "logs:CreateLogGroup",
                "logs:CreateLogStream",
                "logs:DeleteLogGroup",
                "logs:DeleteLogStream",
                "logs:DescribeLogGroups",
                "logs:DescribeLogStreams",
                "logs:FilterLogEvents"
            ],
            "Resource": [
                "arn:aws:logs:*:881533634640:log-group:/aws/lambda/mixpitch-audio-processing-*"
            ]
        },
        {
            "Effect": "Allow",
            "Action": [
                "s3:GetObject",
                "s3:PutObject",
                "s3:DeleteObject",
                "s3:GetBucketLocation",
                "s3:ListBucket"
            ],
            "Resource": [
                "arn:aws:s3:::mixpitch-dev/*",
                "arn:aws:s3:::mixpitch-dev"
            ]
        }
    ]
}